<w>
 <wpn_crosshair_class x="0" y="0" width="2048" height="1536">
    <auto_static x="128" y="0" width="768" height="768" stretch="1">
      <texture>wpn_crosshair_class</texture>
    </auto_static>
		    <auto_static x="0" y="0" width="128" height="768" stretch="1">
      <texture>wpn_crosshair_add_l</texture>
    </auto_static>
    <auto_static x="896" y="0" width="128" height="768" stretch="1">
      <texture>wpn_crosshair_add_r</texture>
    </auto_static>
  </wpn_crosshair_class>
  
  <wpn_crosshair x="0" y="0" width="2048" height="1536">
    <auto_static x="128" y="0" width="768" height="768" stretch="1">
      <texture>wpn_crosshair</texture>
    </auto_static>
		    <auto_static x="0" y="0" width="128" height="768" stretch="1">
      <texture>wpn_crosshair_add_l</texture>
    </auto_static>
    <auto_static x="896" y="0" width="128" height="768" stretch="1">
      <texture>wpn_crosshair_add_r</texture>
    </auto_static>
  </wpn_crosshair>
  
  <wpn_crosshair_g43 x="0" y="0" width="2048" height="1536">
    <auto_static x="128" y="0" width="768" height="768" stretch="1">
      <texture>wpn_crosshair_g43</texture>
    </auto_static>
		    <auto_static x="0" y="0" width="128" height="768" stretch="1">
      <texture>wpn_crosshair_add_l</texture>
    </auto_static>
    <auto_static x="896" y="0" width="128" height="768" stretch="1">
      <texture>wpn_crosshair_add_r</texture>
    </auto_static>
  </wpn_crosshair_g43>
  
  <wpn_crosshair_m24 x="0" y="0" width="2048" height="1536">
    <auto_static x="128" y="0" width="768" height="768" stretch="1">
      <texture>wpn_crosshair_m24</texture>
    </auto_static>
		    <auto_static x="0" y="0" width="128" height="768" stretch="1">
      <texture>wpn_crosshair_add_l</texture>
    </auto_static>
    <auto_static x="896" y="0" width="128" height="768" stretch="1">
      <texture>wpn_crosshair_add_r</texture>
    </auto_static>
  </wpn_crosshair_m24>

  <wpn_crosshair_1p29 x="0" y="0" width="2048" height="1536">
    <auto_static x="128" y="0" width="768" height="768" stretch="1">
      <texture>wpn_crosshair_1p29</texture>
    </auto_static>
		    <auto_static x="0" y="0" width="128" height="768" stretch="1">
      <texture>wpn_crosshair_add_l</texture>
    </auto_static>
    <auto_static x="896" y="0" width="128" height="768" stretch="1">
      <texture>wpn_crosshair_add_r</texture>
    </auto_static>
  </wpn_crosshair_1p29>

  <wpn_crosshair_l85 x="0" y="0" width="2048" height="1536">
    <auto_static x="128" y="0" width="768" height="768" stretch="1">
      <texture>wpn_crosshair_l85</texture>
    </auto_static>
		    <auto_static x="0" y="0" width="128" height="768" stretch="1">
      <texture>wpn_crosshair_add_l</texture>
    </auto_static>
    <auto_static x="896" y="0" width="128" height="768" stretch="1">
      <texture>wpn_crosshair_add_r</texture>
    </auto_static>
  </wpn_crosshair_l85>
  
   <wpn_crosshair_fn2000 x="0" y="0" width="2048" height="1536">
    <auto_static x="128" y="0" width="768" height="768" stretch="1">
      <texture>wpn_crosshair_fn2000</texture>
    </auto_static>
		    <auto_static x="0" y="0" width="128" height="768" stretch="1">
      <texture>wpn_crosshair_add_l</texture>
    </auto_static>
    <auto_static x="896" y="0" width="128" height="768" stretch="1">
      <texture>wpn_crosshair_add_r</texture>
    </auto_static>
  </wpn_crosshair_fn2000>

  <wpn_crosshair_g36 x="0" y="0" width="2048" height="1536">
    <auto_static x="128" y="0" width="768" height="768" stretch="1">
      <texture>wpn_crosshair_g36</texture>
    </auto_static>
		    <auto_static x="0" y="0" width="128" height="768" stretch="1">
      <texture>wpn_crosshair_add_l</texture>
    </auto_static>
    <auto_static x="896" y="0" width="128" height="768" stretch="1">
      <texture>wpn_crosshair_add_r</texture>
    </auto_static>
  </wpn_crosshair_g36>
  
  <wpn_crosshair_g36s x="0" y="0" width="2048" height="1536">
    <auto_static x="128" y="0" width="768" height="768" stretch="1">
      <texture>wpn_crosshair_g36s</texture>
    </auto_static>
		    <auto_static x="0" y="0" width="128" height="768" stretch="1">
      <texture>wpn_crosshair_add_l</texture>
    </auto_static>
    <auto_static x="896" y="0" width="128" height="768" stretch="1">
      <texture>wpn_crosshair_add_r</texture>
    </auto_static>
  </wpn_crosshair_g36s>

  <wpn_crosshair_rpg x="0" y="0" width="2048" height="1536">
    <auto_static x="128" y="0" width="768" height="768" stretch="1">
      <texture>wpn_crosshair_rpg</texture>
    </auto_static>
		    <auto_static x="0" y="0" width="128" height="768" stretch="1">
      <texture>wpn_crosshair_add_l</texture>
    </auto_static>
    <auto_static x="896" y="0" width="128" height="768" stretch="1">
      <texture>wpn_crosshair_add_r</texture>
    </auto_static>
  </wpn_crosshair_rpg>

  <wpn_crosshair_acog x="0" y="0" width="2048" height="1536">
    <auto_static x="128" y="0" width="768" height="768" stretch="1">
      <texture>wpn_crosshair_acog</texture>
    </auto_static>
		    <auto_static x="0" y="0" width="128" height="768" stretch="1">
      <texture>wpn_crosshair_add_l</texture>
    </auto_static>
    <auto_static x="896" y="0" width="128" height="768" stretch="1">
      <texture>wpn_crosshair_add_r</texture>
    </auto_static>
  </wpn_crosshair_acog>
  
  <wpn_crosshair_trijicon x="0" y="0" width="2048" height="1536">
    <auto_static x="128" y="0" width="768" height="768" stretch="1">
      <texture>wpn_crosshair_trijicon</texture>
    </auto_static>
		    <auto_static x="0" y="0" width="128" height="768" stretch="1">
      <texture>wpn_crosshair_add_l</texture>
    </auto_static>
    <auto_static x="896" y="0" width="128" height="768" stretch="1">
      <texture>wpn_crosshair_add_r</texture>
    </auto_static>
  </wpn_crosshair_trijicon>
  
  <wpn_crosshair_snag x="0" y="0" width="2048" height="1536">
    <auto_static x="128" y="0" width="768" height="768" stretch="1">
      <texture>wpn_crosshair_snag</texture>
    </auto_static>
		    <auto_static x="0" y="0" width="128" height="768" stretch="1">
      <texture>wpn_crosshair_add_l</texture>
    </auto_static>
    <auto_static x="896" y="0" width="128" height="768" stretch="1">
      <texture>wpn_crosshair_add_r</texture>
    </auto_static>
  </wpn_crosshair_snag>

  <wpn_crosshair_mark4 x="0" y="0" width="2048" height="1536">
    <auto_static x="128" y="0" width="768" height="768" stretch="1">
      <texture>wpn_crosshair_mark4</texture>
    </auto_static>
		    <auto_static x="0" y="0" width="128" height="768" stretch="1">
      <texture>wpn_crosshair_add_l</texture>
    </auto_static>
    <auto_static x="896" y="0" width="128" height="768" stretch="1">
      <texture>wpn_crosshair_add_r</texture>
    </auto_static>
  </wpn_crosshair_mark4>

  <wpn_crosshair_gauss x="0" y="0" width="2048" height="1536">
    <auto_static x="128" y="0" width="768" height="768" stretch="1">
      <texture>wpn_crosshair_gauss</texture>
    </auto_static>
		    <auto_static x="0" y="0" width="128" height="768" stretch="1">
      <texture>wpn_crosshair_add_l</texture>
    </auto_static>
    <auto_static x="896" y="0" width="128" height="768" stretch="1">
      <texture>wpn_crosshair_add_r</texture>
    </auto_static>
  </wpn_crosshair_gauss>
  
  <wpn_crosshair_pso1 x="0" y="0" width="2048" height="1536">
    <auto_static x="128" y="0" width="768" height="768" stretch="1">
      <texture>wpn_crosshair_pso1</texture>
    </auto_static>
		    <auto_static x="0" y="0" width="128" height="768" stretch="1">
      <texture>wpn_crosshair_add_l</texture>
    </auto_static>
    <auto_static x="896" y="0" width="128" height="768" stretch="1">
      <texture>wpn_crosshair_add_r</texture>
    </auto_static>
  </wpn_crosshair_pso1>
  
  <wpn_crosshair_vss x="0" y="0" width="2048" height="1536">
    <auto_static x="128" y="0" width="768" height="768" stretch="1">
      <texture>wpn_crosshair_vss</texture>
    </auto_static>
		    <auto_static x="0" y="0" width="128" height="768" stretch="1">
      <texture>wpn_crosshair_add_l</texture>
    </auto_static>
    <auto_static x="896" y="0" width="128" height="768" stretch="1">
      <texture>wpn_crosshair_add_r</texture>
    </auto_static>
  </wpn_crosshair_vss>
    
  <wpn_crosshair_susat x="0" y="0" width="2048" height="1536">
    <auto_static x="128" y="0" width="768" height="768" stretch="1">
      <texture>wpn_crosshair_susat</texture>
    </auto_static>
		    <auto_static x="0" y="0" width="128" height="768" stretch="1">
      <texture>wpn_crosshair_add_l</texture>
    </auto_static>
    <auto_static x="896" y="0" width="128" height="768" stretch="1">
      <texture>wpn_crosshair_add_r</texture>
    </auto_static>
  </wpn_crosshair_susat>
  
  <wpn_crosshair_po4x34 x="0" y="0" width="2048" height="1536">
    <auto_static x="128" y="0" width="768" height="768" stretch="1">
      <texture>wpn_crosshair_po4x34</texture>
    </auto_static>
		    <auto_static x="0" y="0" width="128" height="768" stretch="1">
      <texture>wpn_crosshair_add_l</texture>
    </auto_static>
    <auto_static x="896" y="0" width="128" height="768" stretch="1">
      <texture>wpn_crosshair_add_r</texture>
    </auto_static>
  </wpn_crosshair_po4x34>

  <wpn_crosshair_zf9 x="0" y="0" width="2048" height="1536">
    <auto_static x="128" y="0" width="768" height="768" stretch="1">
      <texture>wpn_crosshair_zf9</texture>
    </auto_static>
		    <auto_static x="0" y="0" width="128" height="768" stretch="1">
      <texture>wpn_crosshair_add_l</texture>
    </auto_static>
    <auto_static x="896" y="0" width="128" height="768" stretch="1">
      <texture>wpn_crosshair_add_r</texture>
    </auto_static>
  </wpn_crosshair_zf9>
  
  <wpn_crosshair_nspu x="0" y="0" width="2048" height="1536">
    <auto_static x="128" y="0" width="768" height="768" stretch="1">
      <texture>wpn_crosshair_nspu</texture>
    </auto_static>
		    <auto_static x="0" y="0" width="128" height="768" stretch="1">
      <texture>wpn_crosshair_add_l</texture>
    </auto_static>
    <auto_static x="896" y="0" width="128" height="768" stretch="1">
      <texture>wpn_crosshair_add_r</texture>
    </auto_static>
  </wpn_crosshair_nspu>

  <wpn_crosshair_pks07 x="0" y="0" width="2048" height="1536">
    <auto_static x="128" y="0" width="768" height="768" stretch="1">
      <texture>wpn_crosshair_pks07</texture>
    </auto_static>
		    <auto_static x="0" y="0" width="128" height="768" stretch="1">
      <texture>wpn_crosshair_add_l</texture>
    </auto_static>
    <auto_static x="896" y="0" width="128" height="768" stretch="1">
      <texture>wpn_crosshair_add_r</texture>
    </auto_static>
  </wpn_crosshair_pks07>

  <wpn_crosshair_pu x="0" y="0" width="2048" height="1536">
    <auto_static x="128" y="0" width="768" height="768" stretch="1">
      <texture>wpn_crosshair_pu</texture>
    </auto_static>
		    <auto_static x="0" y="0" width="128" height="768" stretch="1">
      <texture>wpn_crosshair_add_l</texture>
    </auto_static>
    <auto_static x="896" y="0" width="128" height="768" stretch="1">
      <texture>wpn_crosshair_add_r</texture>
    </auto_static>
  </wpn_crosshair_pu>

  <wpn_crosshair_red x="0" y="0" width="2048" height="1536">
    <auto_static x="128" y="0" width="768" height="768" stretch="1">
      <texture>wpn_crosshair_red</texture>
    </auto_static>
		    <auto_static x="0" y="0" width="128" height="768" stretch="1">
      <texture>wpn_crosshair_add_l</texture>
    </auto_static>
    <auto_static x="896" y="0" width="128" height="768" stretch="1">
      <texture>wpn_crosshair_add_r</texture>
    </auto_static>
  </wpn_crosshair_red>

  <wpn_crosshair_vsk x="0" y="0" width="2048" height="1536">
    <auto_static x="128" y="0" width="768" height="768" stretch="1">
      <texture>wpn_crosshair_vsk</texture>
    </auto_static>
		    <auto_static x="0" y="0" width="128" height="768" stretch="1">
      <texture>wpn_crosshair_add_l</texture>
    </auto_static>
    <auto_static x="896" y="0" width="128" height="768" stretch="1">
      <texture>wpn_crosshair_add_r</texture>
    </auto_static>
  </wpn_crosshair_vsk>
  
  <wpn_crosshair_1pn93 x="0" y="0" width="2048" height="1536">
    <auto_static x="0" y="0" width="1024" height="768" stretch="1">
      <texture>wpn_crosshair_1pn93</texture>
    </auto_static>
  </wpn_crosshair_1pn93>

  <wpn_crosshair_modern1 x="0" y="0" width="2048" height="1536">
    <auto_static x="128" y="0" width="768" height="768" stretch="1">
      <texture>wpn_crosshair_modern1</texture>
    </auto_static>
		    <auto_static x="0" y="0" width="128" height="768" stretch="1">
      <texture>wpn_crosshair_add_l</texture>
    </auto_static>
    <auto_static x="896" y="0" width="128" height="768" stretch="1">
      <texture>wpn_crosshair_add_r</texture>
    </auto_static>
  </wpn_crosshair_modern1>

  <wpn_crosshair_pso1_ksvk x="0" y="0" width="2048" height="1536">
    <auto_static x="128" y="0" width="768" height="768" stretch="1">
      <texture>wpn_crosshair_pso1_ksvk</texture>
    </auto_static>
		    <auto_static x="0" y="0" width="128" height="768" stretch="1">
      <texture>wpn_crosshair_add_l</texture>
    </auto_static>
    <auto_static x="896" y="0" width="128" height="768" stretch="1">
      <texture>wpn_crosshair_add_r</texture>
    </auto_static>
  </wpn_crosshair_pso1_ksvk>

  <wpn_crosshair_findot x="0" y="0" width="2048" height="1536">
    <auto_static x="128" y="0" width="768" height="768" stretch="1">
      <texture>wpn_crosshair_findot</texture>
    </auto_static>
		    <auto_static x="0" y="0" width="128" height="768" stretch="1">
      <texture>wpn_crosshair_add_l</texture>
    </auto_static>
    <auto_static x="896" y="0" width="128" height="768" stretch="1">
      <texture>wpn_crosshair_add_r</texture>
    </auto_static>
  </wpn_crosshair_findot>
  
  <wpn_crosshair_g3sg1 x="0" y="0" width="2048" height="1536">
    <auto_static x="128" y="0" width="768" height="768" stretch="1">
      <texture>wpn_crosshair_g3sg1</texture>
    </auto_static>
		    <auto_static x="0" y="0" width="128" height="768" stretch="1">
      <texture>wpn_crosshair_add_l</texture>
    </auto_static>
    <auto_static x="896" y="0" width="128" height="768" stretch="1">
      <texture>wpn_crosshair_add_r</texture>
    </auto_static>
  </wpn_crosshair_g3sg1>
  
  <wpn_crosshair_sv98 x="0" y="0" width="2048" height="1536">
    <auto_static x="128" y="0" width="768" height="768" stretch="1">
      <texture>wpn_crosshair_sv98</texture>
    </auto_static>
		    <auto_static x="0" y="0" width="128" height="768" stretch="1">
      <texture>wpn_crosshair_add_l</texture>
    </auto_static>
    <auto_static x="896" y="0" width="128" height="768" stretch="1">
      <texture>wpn_crosshair_add_r</texture>
    </auto_static>
  </wpn_crosshair_sv98>

  <wpn_crosshair_aug x="0" y="0" width="2048" height="1536">
    <auto_static x="128" y="0" width="768" height="768" stretch="1">
      <texture>wpn_crosshair_aug</texture>
    </auto_static>
		    <auto_static x="0" y="0" width="128" height="768" stretch="1">
      <texture>wpn_crosshair_add_l</texture>
    </auto_static>
    <auto_static x="896" y="0" width="128" height="768" stretch="1">
      <texture>wpn_crosshair_add_r</texture>
    </auto_static>
  </wpn_crosshair_aug>
  
  <wpn_crosshair_mosin x="0" y="0" width="2048" height="1536">
    <auto_static x="128" y="0" width="768" height="768" stretch="1">
      <texture>wpn_crosshair_mosin</texture>
    </auto_static>
		    <auto_static x="0" y="0" width="128" height="768" stretch="1">
      <texture>wpn_crosshair_add_l</texture>
    </auto_static>
    <auto_static x="896" y="0" width="128" height="768" stretch="1">
      <texture>wpn_crosshair_add_r</texture>
    </auto_static>
  </wpn_crosshair_mosin>

  <wpn_crosshair_1p59 x="0" y="0" width="2048" height="1536">
    <auto_static x="128" y="0" width="768" height="768" stretch="1">
      <texture>wpn_crosshair_1p59</texture>
    </auto_static>
		    <auto_static x="0" y="0" width="128" height="768" stretch="1">
      <texture>wpn_crosshair_add_l</texture>
    </auto_static>
    <auto_static x="896" y="0" width="128" height="768" stretch="1">
      <texture>wpn_crosshair_add_r</texture>
    </auto_static>
  </wpn_crosshair_1p59>

  <wpn_crosshair_bino x="0" y="0" width="2048" height="1536">
    <auto_static x="0" y="0" width="1024" height="768" stretch="1">
      <texture>wpn_crosshair_bino</texture>
    </auto_static>
  </wpn_crosshair_bino>
  
    <wpn_crosshair_4 x="0" y="0" width="1024" height="768">
    <auto_static x="85" y="0" width="854" height="768" stretch="1">
      <texture>wpn_crosshair_4</texture>
    </auto_static>
    <auto_static x="0" y="0" width="86" height="768" stretch="1">
      <texture>wpn_crosshair_add_l</texture>
    </auto_static>
    <auto_static x="939" y="0" width="85" height="768" stretch="1">
      <texture>wpn_crosshair_add_r</texture>
    </auto_static>
  </wpn_crosshair_4>
  
  <wpn_crosshair_m82 x="0" y="0" width="2048" height="1536">
    <auto_static x="128" y="0" width="768" height="768" stretch="1">
      <texture>wpn_crosshair_m82</texture>
    </auto_static>
    <auto_static x="0" y="0" width="128" height="768" stretch="1">
      <texture>wpn_crosshair_add_l</texture>
    </auto_static>
    <auto_static x="896" y="0" width="128" height="768" stretch="1">
      <texture>wpn_crosshair_add_r</texture>
    </auto_static>
  </wpn_crosshair_m82>
  
  <wpn_crosshair_specter x="0" y="0" width="2048" height="1536">
    <auto_static x="128" y="0" width="768" height="768" stretch="1">
      <texture>wpn_crosshair_specter</texture>
    </auto_static>
		    <auto_static x="0" y="0" width="128" height="768" stretch="1">
      <texture>wpn_crosshair_add_l</texture>
    </auto_static>
    <auto_static x="896" y="0" width="128" height="768" stretch="1">
      <texture>wpn_crosshair_add_r</texture>
    </auto_static>
  </wpn_crosshair_specter>
  
  <wpn_crosshair_pso2 x="0" y="0" width="2048" height="1536">
    <auto_static x="128" y="0" width="768" height="768" stretch="1">
      <texture>wpn_crosshair_pso2</texture>
    </auto_static>
		    <auto_static x="0" y="0" width="128" height="768" stretch="1">
      <texture>wpn_crosshair_add_l</texture>
    </auto_static>
    <auto_static x="896" y="0" width="128" height="768" stretch="1">
      <texture>wpn_crosshair_add_r</texture>
    </auto_static>
  </wpn_crosshair_pso2>
  
  <wpn_crosshair_pks x="0" y="0" width="2048" height="1536">
    <auto_static x="128" y="0" width="768" height="768" stretch="1">
      <texture>wpn_crosshair_pks</texture>
    </auto_static>
		    <auto_static x="0" y="0" width="128" height="768" stretch="1">
      <texture>wpn_crosshair_add_l</texture>
    </auto_static>
    <auto_static x="896" y="0" width="128" height="768" stretch="1">
      <texture>wpn_crosshair_add_r</texture>
    </auto_static>
  </wpn_crosshair_pks>
  
  <wpn_crosshair_leupold x="0" y="0" width="2048" height="1536">
    <auto_static x="128" y="0" width="768" height="768" stretch="1">
      <texture>wpn_crosshair_leupold</texture>
    </auto_static>
		    <auto_static x="0" y="0" width="128" height="768" stretch="1">
      <texture>wpn_crosshair_add_l</texture>
    </auto_static>
    <auto_static x="896" y="0" width="128" height="768" stretch="1">
      <texture>wpn_crosshair_add_r</texture>
    </auto_static>
  </wpn_crosshair_leupold>
  
  <wpn_crosshair_pso2_vss x="0" y="0" width="2048" height="1536">
    <auto_static x="128" y="0" width="768" height="768" stretch="1">
      <texture>wpn_crosshair_pso2_vss</texture>
    </auto_static>
		    <auto_static x="0" y="0" width="128" height="768" stretch="1">
      <texture>wpn_crosshair_add_l</texture>
    </auto_static>
    <auto_static x="896" y="0" width="128" height="768" stretch="1">
      <texture>wpn_crosshair_add_r</texture>
    </auto_static>
  </wpn_crosshair_pso2_vss>
  
  <wpn_crosshair_pka x="0" y="0" width="2048" height="1536">
    <auto_static x="128" y="0" width="768" height="768" stretch="1">
      <texture>wpn_crosshair_pka</texture>
    </auto_static>
		    <auto_static x="0" y="0" width="128" height="768" stretch="1">
      <texture>wpn_crosshair_add_l</texture>
    </auto_static>
    <auto_static x="896" y="0" width="128" height="768" stretch="1">
      <texture>wpn_crosshair_add_r</texture>
    </auto_static>
  </wpn_crosshair_pka>
  
    <wpn_crosshair_pn23 x="0" y="0" width="2048" height="1536">
    <auto_static x="0" y="0" width="1024" height="768" stretch="1">
      <texture>wpn_crosshair_pn23</texture>
    </auto_static>
  </wpn_crosshair_pn23>
  
      <wpn_crosshair_1p78gs x="0" y="0" width="2048" height="1536">
    <auto_static x="128" y="0" width="768" height="768" stretch="1">
      <texture>wpn_crosshair_1p78gs</texture>
    </auto_static>
		    <auto_static x="0" y="0" width="128" height="768" stretch="1">
      <texture>wpn_crosshair_add_l</texture>
    </auto_static>
    <auto_static x="896" y="0" width="128" height="768" stretch="1">
      <texture>wpn_crosshair_add_r</texture>
    </auto_static>
  </wpn_crosshair_1p78gs>
  
      <wpn_crosshair_marchf x="0" y="0" width="2048" height="1536">
    <auto_static x="128" y="0" width="768" height="768" stretch="1">
      <texture>wpn_crosshair_marchf</texture>
    </auto_static>
		    <auto_static x="0" y="0" width="128" height="768" stretch="1">
      <texture>wpn_crosshair_add_l</texture>
    </auto_static>
    <auto_static x="896" y="0" width="128" height="768" stretch="1">
      <texture>wpn_crosshair_add_r</texture>
    </auto_static>
  </wpn_crosshair_marchf>

      <wpn_crosshair_1pn93n2_1gs x="0" y="0" width="2048" height="1536">
    <auto_static x="0" y="0" width="1024" height="768" stretch="1">
      <texture>wpn_crosshair_1pn93n2_1gs</texture>
    </auto_static>
  </wpn_crosshair_1pn93n2_1gs>

      <wpn_crosshair_usp1 x="0" y="0" width="2048" height="1536">
    <auto_static x="128" y="0" width="768" height="768" stretch="1">
      <texture>wpn_crosshair_usp1</texture>
    </auto_static>
		    <auto_static x="0" y="0" width="128" height="768" stretch="1">
      <texture>wpn_crosshair_add_l</texture>
    </auto_static>
    <auto_static x="896" y="0" width="128" height="768" stretch="1">
      <texture>wpn_crosshair_add_r</texture>
    </auto_static>
  </wpn_crosshair_usp1>

  <wpn_crosshair_leupold_rmr x="0" y="0" width="2048" height="1536">
    <auto_static x="128" y="0" width="768" height="768" stretch="1">
      <texture>wpn_crosshair_leupold_rmr</texture>
    </auto_static>
		    <auto_static x="0" y="0" width="128" height="768" stretch="1">
      <texture>wpn_crosshair_add_l</texture>
    </auto_static>
    <auto_static x="896" y="0" width="128" height="768" stretch="1">
      <texture>wpn_crosshair_add_r</texture>
    </auto_static>
  </wpn_crosshair_leupold_rmr>

  <wpn_crosshair_acog_rmr x="0" y="0" width="2048" height="1536">
    <auto_static x="128" y="0" width="768" height="768" stretch="1">
      <texture>wpn_crosshair_acog_rmr</texture>
    </auto_static>
		    <auto_static x="0" y="0" width="128" height="768" stretch="1">
      <texture>wpn_crosshair_add_l</texture>
    </auto_static>
    <auto_static x="896" y="0" width="128" height="768" stretch="1">
      <texture>wpn_crosshair_add_r</texture>
    </auto_static>
  </wpn_crosshair_acog_rmr> 

      <wpn_crosshair_marchf_unic x="0" y="0" width="2048" height="1536">
    <auto_static x="128" y="0" width="768" height="768" stretch="1">
      <texture>wpn_crosshair_marchf_unic</texture>
    </auto_static>
		    <auto_static x="0" y="0" width="128" height="768" stretch="1">
      <texture>wpn_crosshair_add_l</texture>
    </auto_static>
    <auto_static x="896" y="0" width="128" height="768" stretch="1">
      <texture>wpn_crosshair_add_r</texture>
    </auto_static>
  </wpn_crosshair_marchf_unic>
  
</w>

